{"logits": {"_type": "histogram", "values": [1, 0, 0, 0, 1, 0, 2, 0, 2, 0, 0, 0, 0, 1, 1, 1, 3, 3, 1, 4, 4, 8, 2, 4, 6, 10, 9, 10, 13, 24, 11, 11, 24, 18, 18, 16, 12, 15, 18, 13, 9, 7, 7, 2, 4, 4, 3, 2, 3, 1, 5, 2, 0, 1, 1, 1, 0, 1, 0, 0, 0, 0, 0, 1], "bins": [-14.154316902160645, -13.748987197875977, -13.343657493591309, -12.938326835632324, -12.532997131347656, -12.127667427062988, -11.72233772277832, -11.317007064819336, -10.911677360534668, -10.50634765625, -10.101017951965332, -9.695687294006348, -9.29035758972168, -8.885027885437012, -8.479698181152344, -8.07436752319336, -7.669037818908691, -7.263708114624023, -6.8583784103393555, -6.453048229217529, -6.047718524932861, -5.642388343811035, -5.237058639526367, -4.831728458404541, -4.426398754119873, -4.021068572998047, -3.615738868713379, -3.210408926010132, -2.8050789833068848, -2.3997490406036377, -1.9944190979003906, -1.5890891551971436, -1.1837592124938965, -0.7784292697906494, -0.37309935688972473, 0.032230570912361145, 0.437560498714447, 0.8428904414176941, 1.2482203245162964, 1.6535502672195435, 2.05888032913208, 2.464210033416748, 2.869539976119995, 3.274869918823242, 3.6801998615264893, 4.085529804229736, 4.4908599853515625, 4.8961896896362305, 5.301519393920898, 5.706849575042725, 6.112179279327393, 6.517509460449219, 6.922839164733887, 7.328169345855713, 7.733499050140381, 8.138829231262207, 8.544158935546875, 8.949488639831543, 9.354819297790527, 9.760149002075195, 10.165478706359863, 10.570808410644531, 10.976139068603516, 11.381468772888184, 11.786798477172852]}, "_timestamp": 1717337569.108913, "_runtime": 15.117946863174438, "_step": 247, "train_loss": 0.6815798282623291, "train_acc": 0.78125, "epoch": 1, "trainer/global_step": 199, "val_loss": 0.6446817517280579, "_wandb": {"runtime": 14}}