{"logits": {"_type": "histogram", "values": [2, 0, 0, 0, 1, 2, 1, 4, 1, 4, 4, 6, 4, 3, 5, 8, 10, 9, 8, 11, 13, 17, 11, 11, 9, 14, 24, 13, 21, 11, 9, 9, 10, 8, 10, 5, 8, 3, 2, 0, 2, 3, 2, 3, 1, 2, 2, 4, 1, 0, 2, 0, 2, 2, 0, 1, 0, 0, 0, 1, 0, 0, 0, 1], "bins": [-14.25478744506836, -13.767121315002441, -13.279455184936523, -12.791789054870605, -12.304122924804688, -11.816455841064453, -11.328789710998535, -10.841123580932617, -10.3534574508667, -9.865791320800781, -9.378125190734863, -8.890459060668945, -8.402791976928711, -7.915126323699951, -7.427459716796875, -6.939793586730957, -6.452127456665039, -5.964461326599121, -5.476795196533203, -4.989128589630127, -4.501462459564209, -4.013796329498291, -3.526129961013794, -3.038463592529297, -2.550797462463379, -2.063131332397461, -1.5754649639129639, -1.0877987146377563, -0.6001324653625488, -0.11246621608734131, 0.3752000331878662, 0.8628662824630737, 1.3505325317382812, 1.8381987810134888, 2.3258650302886963, 2.8135313987731934, 3.3011975288391113, 3.7888636589050293, 4.2765302658081055, 4.764196395874023, 5.251862525939941, 5.739528656005859, 6.227194786071777, 6.7148613929748535, 7.2025275230407715, 7.6901936531066895, 8.177860260009766, 8.665526390075684, 9.153192520141602, 9.64085865020752, 10.128524780273438, 10.616190910339355, 11.103857040405273, 11.591524124145508, 12.079190254211426, 12.566856384277344, 13.054522514343262, 13.54218864440918, 14.029854774475098, 14.517520904541016, 15.00518798828125, 15.492854118347168, 15.980520248413086, 16.468185424804688, 16.955852508544922]}, "_timestamp": 1717339031.71442, "_runtime": 72.52527904510498, "_step": 1601, "train_loss": 0.14491614699363708, "train_acc": 0.96875, "epoch": 10, "trainer/global_step": 1560, "val_loss": 0.11789628118276596, "test_loss": 0.2016819268465042, "_wandb": {"runtime": 71}}