{"logits": {"_type": "histogram", "values": [1, 0, 1, 2, 1, 0, 1, 0, 1, 1, 3, 0, 2, 0, 2, 8, 5, 3, 6, 9, 12, 16, 8, 9, 25, 17, 15, 13, 11, 22, 17, 14, 15, 15, 9, 8, 6, 4, 3, 3, 1, 1, 2, 1, 2, 0, 6, 2, 3, 4, 1, 2, 1, 0, 1, 0, 1, 0, 1, 1, 0, 0, 0, 2], "bins": [-13.978052139282227, -13.526774406433105, -13.075495719909668, -12.624217987060547, -12.172940254211426, -11.721661567687988, -11.270383834838867, -10.819106101989746, -10.367827415466309, -9.916549682617188, -9.465271949768066, -9.013993263244629, -8.562715530395508, -8.111437797546387, -7.660159111022949, -7.208881378173828, -6.757603168487549, -6.3063249588012695, -5.855047225952148, -5.403769016265869, -4.95249080657959, -4.501213073730469, -4.0499348640441895, -3.59865665435791, -3.14737868309021, -2.6961007118225098, -2.2448225021362305, -1.7935445308685303, -1.3422664403915405, -0.8909883499145508, -0.4397103190422058, 0.011567741632461548, 0.4628458023071289, 0.9141238927841187, 1.3654019832611084, 1.8166799545288086, 2.267958164215088, 2.719236135482788, 3.1705141067504883, 3.6217923164367676, 4.073070526123047, 4.524348258972168, 4.975626468658447, 5.426904678344727, 5.878182411193848, 6.329460620880127, 6.780738830566406, 7.232016563415527, 7.683294773101807, 8.134572982788086, 8.585850715637207, 9.037129402160645, 9.488407135009766, 9.939684867858887, 10.390963554382324, 10.842241287231445, 11.293519020080566, 11.744797706604004, 12.196075439453125, 12.647353172302246, 13.098631858825684, 13.549909591674805, 14.001187324523926, 14.452466011047363, 14.903743743896484]}, "_timestamp": 1717337598.798151, "_runtime": 20.425722122192383, "_step": 547, "train_loss": 0.4414213001728058, "train_acc": 0.875, "epoch": 3, "trainer/global_step": 499, "val_loss": 0.25359344482421875, "_wandb": {"runtime": 18}}