{"logits": {"_type": "histogram", "values": [1, 0, 0, 0, 1, 0, 1, 3, 1, 1, 0, 2, 4, 2, 0, 4, 2, 3, 5, 2, 6, 7, 11, 7, 10, 12, 16, 13, 18, 10, 15, 17, 21, 13, 15, 12, 14, 10, 7, 11, 4, 4, 2, 2, 1, 2, 2, 2, 3, 1, 3, 1, 2, 0, 1, 1, 2, 1, 1, 2, 1, 2, 2, 1], "bins": [-17.498868942260742, -17.001535415649414, -16.504199981689453, -16.006866455078125, -15.509532928466797, -15.012198448181152, -14.514864921569824, -14.01753044128418, -13.520196914672852, -13.022862434387207, -12.525528907775879, -12.028194427490234, -11.530860900878906, -11.033526420593262, -10.536192893981934, -10.038858413696289, -9.541524887084961, -9.044190406799316, -8.546856880187988, -8.049522399902344, -7.552188396453857, -7.054854393005371, -6.557520389556885, -6.060186386108398, -5.562852382659912, -5.065518379211426, -4.5681843757629395, -4.070850372314453, -3.573516368865967, -3.0761823654174805, -2.578848361968994, -2.081514358520508, -1.5841803550720215, -1.0868463516235352, -0.5895123481750488, -0.09217830002307892, 0.4051557183265686, 0.9024897217750549, 1.399823784828186, 1.8971577882766724, 2.394491672515869, 2.8918259143829346, 3.389159917831421, 3.8864939212799072, 4.3838276863098145, 4.881161689758301, 5.378495693206787, 5.875829696655273, 6.373164176940918, 6.870498180389404, 7.367832183837891, 7.865166187286377, 8.362500190734863, 8.859833717346191, 9.357168197631836, 9.854501724243164, 10.351836204528809, 10.849169731140137, 11.346504211425781, 11.84383773803711, 12.341172218322754, 12.838505744934082, 13.335840225219727, 13.833173751831055, 14.3305082321167]}, "_timestamp": 1717339304.320545, "_runtime": 62.536701917648315, "_step": 1601, "train_loss": 0.34770384430885315, "train_acc": 0.90625, "epoch": 10, "trainer/global_step": 1560, "val_loss": 0.13198944926261902, "test_loss": 0.22327180206775665, "_wandb": {"runtime": 61}}