{"logits": {"_type": "histogram", "values": [1, 0, 0, 0, 0, 0, 0, 1, 0, 1, 1, 3, 3, 2, 2, 2, 1, 2, 5, 5, 6, 14, 9, 16, 18, 11, 13, 15, 15, 15, 18, 16, 15, 19, 15, 6, 10, 5, 9, 2, 5, 4, 3, 3, 5, 0, 3, 3, 3, 2, 1, 3, 4, 2, 0, 0, 0, 1, 1, 0, 0, 0, 0, 1], "bins": [-16.625972747802734, -16.125110626220703, -15.624250411987305, -15.12338924407959, -14.622528076171875, -14.121665954589844, -13.620804786682129, -13.119943618774414, -12.6190824508667, -12.118221282958984, -11.61736011505127, -11.116498947143555, -10.615636825561523, -10.114775657653809, -9.613914489746094, -9.113053321838379, -8.612192153930664, -8.11133098602295, -7.610469818115234, -7.109608173370361, -6.6087470054626465, -6.107885837554932, -5.607024192810059, -5.106163024902344, -4.605301856994629, -4.104440689086914, -3.60357928276062, -3.102717876434326, -2.6018567085266113, -2.1009955406188965, -1.6001341342926025, -1.0992728471755981, -0.5984115600585938, -0.09755027294158936, 0.40331101417541504, 0.9041723012924194, 1.4050335884094238, 1.9058948755264282, 2.4067561626434326, 2.9076175689697266, 3.4084787368774414, 3.9093399047851562, 4.410201072692871, 4.911062717437744, 5.411923885345459, 5.912785053253174, 6.413646697998047, 6.914507865905762, 7.415369033813477, 7.916230201721191, 8.417091369628906, 8.917952537536621, 9.418813705444336, 9.919675827026367, 10.420536994934082, 10.921398162841797, 11.422259330749512, 11.923120498657227, 12.423981666564941, 12.924842834472656, 13.425704956054688, 13.926566123962402, 14.427427291870117, 14.928288459777832, 15.429149627685547]}, "_timestamp": 1717337667.2547688, "_runtime": 58.74842381477356, "_step": 1600, "train_loss": 0.13671767711639404, "train_acc": 0.96875, "epoch": 9, "trainer/global_step": 1559, "val_loss": 0.14241401851177216, "_wandb": {"runtime": 58}}