{"logits": {"_type": "histogram", "values": [2, 0, 0, 0, 1, 0, 0, 2, 1, 2, 1, 1, 1, 5, 0, 2, 4, 4, 7, 9, 3, 10, 9, 9, 6, 20, 21, 17, 15, 22, 18, 11, 15, 11, 14, 9, 6, 9, 9, 5, 2, 1, 1, 2, 3, 10, 1, 2, 2, 2, 4, 2, 2, 0, 1, 1, 0, 0, 2, 0, 0, 0, 0, 1], "bins": [-15.784189224243164, -15.305108070373535, -14.826026916503906, -14.346944808959961, -13.867863655090332, -13.388782501220703, -12.909701347351074, -12.430619239807129, -11.9515380859375, -11.472456932067871, -10.993375778198242, -10.514294624328613, -10.035212516784668, -9.556131362915039, -9.07705020904541, -8.597969055175781, -8.118886947631836, -7.639806270599365, -7.160724639892578, -6.681643486022949, -6.202561855316162, -5.723480701446533, -5.244399070739746, -4.765317916870117, -4.286236763000488, -3.807155132293701, -3.328073740005493, -2.848992347717285, -2.3699111938476562, -1.8908296823501587, -1.4117484092712402, -0.9326670169830322, -0.4535856246948242, 0.0254957377910614, 0.504577100276947, 0.9836584329605103, 1.4627398252487183, 1.9418212175369263, 2.4209024906158447, 2.8999838829040527, 3.3790652751922607, 3.8581466674804688, 4.337227821350098, 4.816309452056885, 5.295390605926514, 5.774472236633301, 6.25355339050293, 6.732635021209717, 7.211716175079346, 7.690797328948975, 8.169878959655762, 8.64896011352539, 9.12804126739502, 9.607123374938965, 10.086204528808594, 10.565285682678223, 11.044366836547852, 11.52344799041748, 12.002530097961426, 12.481611251831055, 12.960692405700684, 13.439773559570312, 13.918855667114258, 14.397936820983887, 14.877017974853516]}, "_timestamp": 1717338924.553267, "_runtime": 69.48577690124512, "_step": 1601, "train_loss": 0.062038011848926544, "train_acc": 0.96875, "epoch": 10, "trainer/global_step": 1560, "val_loss": 0.13786178827285767, "test_loss": 0.21107934415340424, "_wandb": {"runtime": 68}}