{"logits": {"_type": "histogram", "values": [1, 0, 0, 0, 0, 0, 0, 0, 1, 1, 2, 0, 1, 2, 0, 0, 1, 5, 3, 5, 6, 4, 6, 4, 5, 8, 10, 13, 13, 14, 13, 6, 11, 15, 14, 22, 11, 16, 13, 16, 8, 6, 8, 7, 11, 3, 3, 1, 3, 1, 1, 2, 2, 1, 3, 3, 1, 1, 2, 5, 0, 4, 1, 1], "bins": [-18.401838302612305, -17.922365188598633, -17.442890167236328, -16.963417053222656, -16.483943939208984, -16.00446891784668, -15.524995803833008, -15.045522689819336, -14.566048622131348, -14.086575508117676, -13.607101440429688, -13.1276273727417, -12.648154258728027, -12.168680191040039, -11.68920612335205, -11.209733009338379, -10.73025894165039, -10.250785827636719, -9.77131175994873, -9.291837692260742, -8.81236457824707, -8.332890510559082, -7.853416919708252, -7.373943328857422, -6.894469738006592, -6.414996147155762, -5.935522079467773, -5.456048488616943, -4.976574897766113, -4.497101306915283, -4.017627239227295, -3.538153648376465, -3.0586800575256348, -2.5792064666748047, -2.0997326374053955, -1.6202589273452759, -1.1407852172851562, -0.6613115668296814, -0.18183788657188416, 0.2976357936859131, 0.7771095037460327, 1.2565832138061523, 1.736056923866272, 2.2155306339263916, 2.6950042247772217, 3.174478054046631, 3.653951644897461, 4.133425235748291, 4.612898826599121, 5.092372894287109, 5.5718464851379395, 6.0513200759887695, 6.5307936668396, 7.010267734527588, 7.489741325378418, 7.969214916229248, 8.448688507080078, 8.928162574768066, 9.407635688781738, 9.887109756469727, 10.366583824157715, 10.846056938171387, 11.325531005859375, 11.805004119873047, 12.284478187561035]}, "_timestamp": 1717336039.759257, "_runtime": 46.18485498428345, "_step": 1600, "train_loss": 0.40629076957702637, "train_acc": 0.875, "epoch": 9, "trainer/global_step": 1559, "val_loss": 0.13676932454109192, "_wandb": {"runtime": 45}}