{"loss": 2.308810234069824, "accuracy": 0.1875, "_timestamp": 1717269652.785728, "_runtime": 14.739126920700073, "_step": 0, "_wandb": {"runtime": 16}}