{"loss": 0.00028987540281377733, "accuracy": 1.0, "_timestamp": 1717269126.058608, "_runtime": 146.41391015052795, "_step": 79, "_wandb": {"runtime": 148}}