{"train_loss": 0.43111732602119446, "epoch": 0, "trainer/global_step": 149, "_timestamp": 1717334554.682281, "_runtime": 12.389650106430054, "_step": 2, "_wandb": {"runtime": 11}}