{"loss": 0.0012284272816032171, "accuracy": 1.0, "_timestamp": 1717269566.8494148, "_runtime": 145.3364498615265, "_step": 79, "_wandb": {"runtime": 146}}