{"examples": {"_type": "images/separated", "width": 28, "height": 28, "format": "png", "count": 32, "filenames": ["media/images/examples_1_38edd448290bf58b965f.png", "media/images/examples_1_0684cf6e0cc815d05d7a.png", "media/images/examples_1_b641e1507fd33030def2.png", "media/images/examples_1_8a6690061ec6750157ca.png", "media/images/examples_1_f675f02d41e75a41b017.png", "media/images/examples_1_260578886fbed2bd5067.png", "media/images/examples_1_90967c155b1d2ef8e915.png", "media/images/examples_1_97d54d5a66ce6d087ea2.png", "media/images/examples_1_2241eb27e167954366c4.png", "media/images/examples_1_9c38d6d831278cabf5e5.png", "media/images/examples_1_7313f5c75b1205aa46c0.png", "media/images/examples_1_676c64464daed26a1a7e.png", "media/images/examples_1_de53ceeffffeec7f0442.png", "media/images/examples_1_de5b4392c86ed3a890be.png", "media/images/examples_1_875aa07765bc7f6106f7.png", "media/images/examples_1_6f3bd9a3d15900d32b46.png", "media/images/examples_1_3c6fcbfc83ddf5219df8.png", "media/images/examples_1_05e5ee452aab61c9aa10.png", "media/images/examples_1_caeb2f7dc96b2cfcf048.png", "media/images/examples_1_79338fbcd4309e64a6f0.png", "media/images/examples_1_15ac7080b22b32069cc4.png", "media/images/examples_1_99f4c330be7090a6eda7.png", "media/images/examples_1_edcee2518f968510f67f.png", "media/images/examples_1_f8d71e39b98d69d83e0e.png", "media/images/examples_1_8d10c6d6e9008b3e0706.png", "media/images/examples_1_cd4115417339941ba9c6.png", "media/images/examples_1_35ada7e056999ec37839.png", "media/images/examples_1_f7460b984b2b549a6e29.png", "media/images/examples_1_a605d17ef851c2f52589.png", "media/images/examples_1_12bbc67867c3381c6ef4.png", "media/images/examples_1_90c46a2f5faa4dd2f62f.png", "media/images/examples_1_e5559372531ea6b666c5.png"]}, "_timestamp": 1717770607.531161, "_runtime": 19.5259051322937, "_step": 1, "_wandb": {"runtime": 20}}