{"logits": {"_type": "histogram", "values": [1, 0, 0, 0, 0, 0, 0, 0, 1, 1, 0, 1, 4, 1, 1, 0, 1, 0, 4, 0, 3, 5, 2, 2, 5, 9, 8, 13, 11, 13, 15, 13, 17, 15, 16, 20, 16, 23, 19, 15, 9, 10, 9, 4, 3, 1, 5, 1, 2, 1, 1, 6, 2, 3, 2, 1, 0, 1, 1, 1, 0, 0, 1, 1], "bins": [-21.324634552001953, -20.77528190612793, -20.225927352905273, -19.67657470703125, -19.127220153808594, -18.57786750793457, -18.028512954711914, -17.47916030883789, -16.929807662963867, -16.38045310974121, -15.831099510192871, -15.281746864318848, -14.732393264770508, -14.183039665222168, -13.633686065673828, -13.084332466125488, -12.534978866577148, -11.985625267028809, -11.436272621154785, -10.886919021606445, -10.337565422058105, -9.788211822509766, -9.238858222961426, -8.689504623413086, -8.140151023864746, -7.5907979011535645, -7.041444301605225, -6.492091178894043, -5.942737579345703, -5.393383979797363, -4.844030380249023, -4.294677257537842, -3.745323657989502, -3.195970296859741, -2.6466166973114014, -2.0972633361816406, -1.5479097366333008, -0.9985563158988953, -0.44920286536216736, 0.10015060007572174, 0.6495040655136108, 1.1988575458526611, 1.7482110261917114, 2.2975645065307617, 2.8469178676605225, 3.3962714672088623, 3.945624828338623, 4.494978427886963, 5.0443315505981445, 5.593685150146484, 6.143038749694824, 6.692392349243164, 7.241745471954346, 7.7910990715026855, 8.340452194213867, 8.889805793762207, 9.439159393310547, 9.988512992858887, 10.537866592407227, 11.087220191955566, 11.636573791503906, 12.18592643737793, 12.73528003692627, 13.28463363647461, 13.83398723602295]}, "_timestamp": 1717339689.516507, "_runtime": 177.55206680297852, "_step": 1601, "train_loss": 0.3674251437187195, "train_acc": 0.9375, "epoch": 10, "trainer/global_step": 1560, "val_loss": 0.13001056015491486, "test_loss": 0.21810883283615112, "_wandb": {"runtime": 175}}