{"logits": {"_type": "histogram", "values": [1, 0, 0, 0, 0, 0, 1, 1, 2, 0, 1, 1, 0, 2, 4, 0, 3, 4, 7, 2, 3, 8, 6, 7, 9, 13, 8, 2, 14, 11, 14, 12, 21, 22, 14, 13, 10, 19, 9, 14, 14, 6, 4, 4, 0, 2, 3, 1, 2, 2, 1, 4, 1, 3, 2, 3, 1, 2, 2, 1, 2, 0, 0, 2], "bins": [-15.052938461303711, -14.657039642333984, -14.261139869689941, -13.865241050720215, -13.469341278076172, -13.073442459106445, -12.677543640136719, -12.281643867492676, -11.88574504852295, -11.489845275878906, -11.09394645690918, -10.698047637939453, -10.30214786529541, -9.906249046325684, -9.51034927368164, -9.114450454711914, -8.718551635742188, -8.322651863098145, -7.92675256729126, -7.530853748321533, -7.134954452514648, -6.739055156707764, -6.343155860900879, -5.947256565093994, -5.551357269287109, -5.155458450317383, -4.759559154510498, -4.363659858703613, -3.9677605628967285, -3.571861505508423, -3.175962209701538, -2.7800631523132324, -2.3841638565063477, -1.9882646799087524, -1.5923655033111572, -1.1964662075042725, -0.8005670309066772, -0.40466782450675964, -0.008768618106842041, 0.38713058829307556, 0.7830297946929932, 1.1789289712905884, 1.5748281478881836, 1.9707274436950684, 2.366626739501953, 2.762525796890259, 3.1584250926971436, 3.554324150085449, 3.950223445892334, 4.346122741699219, 4.7420220375061035, 5.13792085647583, 5.533820152282715, 5.9297194480896, 6.325618743896484, 6.721518039703369, 7.117417335510254, 7.5133161544799805, 7.909215450286865, 8.30511474609375, 8.701013565063477, 9.09691333770752, 9.492812156677246, 9.888711929321289, 10.284610748291016]}, "_timestamp": 1717337498.875614, "_runtime": 22.024075031280518, "_step": 611, "train_loss": 0.3935989737510681, "train_acc": 0.9375, "epoch": 3, "trainer/global_step": 549, "val_loss": 0.26158595085144043, "_wandb": {"runtime": 21}}