{"logits": {"_type": "histogram", "values": [1, 1, 0, 0, 1, 3, 4, 4, 7, 6, 2, 8, 6, 10, 15, 6, 12, 5, 5, 4, 10, 8, 10, 6, 14, 14, 14, 11, 9, 3, 11, 7, 5, 2, 4, 8, 3, 5, 0, 6, 9, 4, 7, 3, 6, 4, 0, 4, 2, 3, 2, 5, 1, 2, 2, 1, 2, 5, 4, 3, 0, 0, 0, 1], "bins": [-0.37091103196144104, -0.3559649586677551, -0.3410188853740692, -0.3260728120803833, -0.3111267387866974, -0.29618069529533386, -0.28123462200164795, -0.26628854870796204, -0.2513424754142761, -0.2363964021205902, -0.2214503288269043, -0.20650425553321838, -0.19155819714069366, -0.17661212384700775, -0.16166605055332184, -0.14671997725963593, -0.1317739188671112, -0.1168278381228447, -0.10188177227973938, -0.08693569898605347, -0.07198963314294815, -0.05704355984926224, -0.04209749028086662, -0.02715142071247101, -0.012205351144075394, 0.0027407188899815083, 0.017686787992715836, 0.03263285756111145, 0.04757893085479736, 0.06252499669790268, 0.07747106999158859, 0.09241713583469391, 0.10736320912837982, 0.12230928242206573, 0.13725535571575165, 0.15220141410827637, 0.16714748740196228, 0.1820935606956482, 0.1970396339893341, 0.21198569238185883, 0.22693176567554474, 0.24187783896923065, 0.25682389736175537, 0.2717699706554413, 0.2867160439491272, 0.3016621172428131, 0.316608190536499, 0.33155426383018494, 0.34650033712387085, 0.36144641041755676, 0.3763924837112427, 0.3913385272026062, 0.4062846004962921, 0.421230673789978, 0.43617674708366394, 0.45112282037734985, 0.46606889367103577, 0.4810149669647217, 0.4959610402584076, 0.5109071135520935, 0.525853157043457, 0.5407992601394653, 0.5557453036308289, 0.5706914067268372, 0.5856374502182007]}, "_timestamp": 1717335961.230197, "_runtime": 11.03249192237854, "_step": 0, "_wandb": {"runtime": 10}}